#{"t_start": 1708620519.9116898, "env_id": "MinAtar/Freeway-v1"}
r,l,t
1.0,2501,3.41363
0.0,2501,3.512284
1.0,2501,3.612904
0.0,2501,3.710513
1.0,2501,3.806401
1.0,2501,3.899058
0.0,2501,3.988157
0.0,2501,4.082902
0.0,2501,4.176904
2.0,2501,4.267857
0.0,2501,4.361164
0.0,2501,4.451598
1.0,2501,4.549082
0.0,2501,4.641014
0.0,2501,4.731818
1.0,2501,4.821704
